start_time,end_time,low_freq,high_freq,event,detection_confidence,input_file
0.0045,0.017,25468.0,41701.0,Echolocation,0.57,../input_dir/20210910_030000__5%DUTYCYCLE_1440secOFFSET.WAV
0.1255,0.1361,28046.0,44833.0,Echolocation,0.53,../input_dir/20210910_030000__5%DUTYCYCLE_1440secOFFSET.WAV
0.2215,0.2316,28046.0,44488.0,Echolocation,0.594,../input_dir/20210910_030000__5%DUTYCYCLE_1440secOFFSET.WAV
0.3065,0.316,27187.0,47623.0,Echolocation,0.565,../input_dir/20210910_030000__5%DUTYCYCLE_1440secOFFSET.WAV
0.3715,0.379,27187.0,49199.0,Echolocation,0.53,../input_dir/20210910_030000__5%DUTYCYCLE_1440secOFFSET.WAV
0.4155,0.4222,26328.0,44662.0,Echolocation,0.553,../input_dir/20210910_030000__5%DUTYCYCLE_1440secOFFSET.WAV
0.4525,0.4573,22890.0,42895.0,Echolocation,0.518,../input_dir/20210910_030000__5%DUTYCYCLE_1440secOFFSET.WAV
0.9095,0.9203,26328.0,36463.0,Echolocation,0.626,../input_dir/20210910_030000__5%DUTYCYCLE_1440secOFFSET.WAV
1.0505,1.0638,24609.0,43671.0,Echolocation,0.68,../input_dir/20210910_030000__5%DUTYCYCLE_1440secOFFSET.WAV
1.1525,1.1639,22890.0,28818.0,Echolocation,0.554,../input_dir/20210910_030000__5%DUTYCYCLE_1440secOFFSET.WAV
1.1915,1.2059,24609.0,43737.0,Echolocation,0.651,../input_dir/20210910_030000__5%DUTYCYCLE_1440secOFFSET.WAV
1.3285,1.3413,25468.0,48323.0,Echolocation,0.712,../input_dir/20210910_030000__5%DUTYCYCLE_1440secOFFSET.WAV
1.5305,1.5462,22031.0,30264.0,Echolocation,0.535,../input_dir/20210910_030000__5%DUTYCYCLE_1440secOFFSET.WAV
1.5585,1.5707,25468.0,48578.0,Echolocation,0.718,../input_dir/20210910_030000__5%DUTYCYCLE_1440secOFFSET.WAV
1.6685,1.6791,22890.0,29579.0,Echolocation,0.619,../input_dir/20210910_030000__5%DUTYCYCLE_1440secOFFSET.WAV
1.6865,1.6985,27187.0,44701.0,Echolocation,0.619,../input_dir/20210910_030000__5%DUTYCYCLE_1440secOFFSET.WAV
1.8215,1.8336,26328.0,45417.0,Echolocation,0.69,../input_dir/20210910_030000__5%DUTYCYCLE_1440secOFFSET.WAV
1.9195,1.9321,22031.0,29637.0,Echolocation,0.58,../input_dir/20210910_030000__5%DUTYCYCLE_1440secOFFSET.WAV
1.9535,1.9654,26328.0,42611.0,Echolocation,0.662,../input_dir/20210910_030000__5%DUTYCYCLE_1440secOFFSET.WAV
2.0645,2.0764,22031.0,28752.0,Echolocation,0.594,../input_dir/20210910_030000__5%DUTYCYCLE_1440secOFFSET.WAV
2.1935,2.2057,26328.0,44318.0,Echolocation,0.625,../input_dir/20210910_030000__5%DUTYCYCLE_1440secOFFSET.WAV
2.3335,2.3448,27187.0,36457.0,Echolocation,0.508,../input_dir/20210910_030000__5%DUTYCYCLE_1440secOFFSET.WAV
2.4575,2.4677,22031.0,28828.0,Echolocation,0.505,../input_dir/20210910_030000__5%DUTYCYCLE_1440secOFFSET.WAV
2.4815,2.495,25468.0,36413.0,Echolocation,0.597,../input_dir/20210910_030000__5%DUTYCYCLE_1440secOFFSET.WAV
2.6305,2.6484,24609.0,38442.0,Echolocation,0.593,../input_dir/20210910_030000__5%DUTYCYCLE_1440secOFFSET.WAV
2.7845,2.8025,23750.0,39061.0,Echolocation,0.62,../input_dir/20210910_030000__5%DUTYCYCLE_1440secOFFSET.WAV
2.9505,2.9675,23750.0,42128.0,Echolocation,0.656,../input_dir/20210910_030000__5%DUTYCYCLE_1440secOFFSET.WAV
3.0585,3.0701,22890.0,31031.0,Echolocation,0.56,../input_dir/20210910_030000__5%DUTYCYCLE_1440secOFFSET.WAV
3.1115,3.1285,24609.0,38796.0,Echolocation,0.605,../input_dir/20210910_030000__5%DUTYCYCLE_1440secOFFSET.WAV
3.2025,3.2116,22031.0,29933.0,Echolocation,0.513,../input_dir/20210910_030000__5%DUTYCYCLE_1440secOFFSET.WAV
3.5565,3.5727,23750.0,35066.0,Echolocation,0.605,../input_dir/20210910_030000__5%DUTYCYCLE_1440secOFFSET.WAV
3.7205,3.7308,22890.0,32562.0,Echolocation,0.656,../input_dir/20210910_030000__5%DUTYCYCLE_1440secOFFSET.WAV
3.8415,3.8568,23750.0,37421.0,Echolocation,0.654,../input_dir/20210910_030000__5%DUTYCYCLE_1440secOFFSET.WAV
3.9945,4.0019,28046.0,41274.0,Echolocation,0.53,../input_dir/20210910_030000__5%DUTYCYCLE_1440secOFFSET.WAV
4.0845,4.0965,22890.0,32788.0,Echolocation,0.6,../input_dir/20210910_030000__5%DUTYCYCLE_1440secOFFSET.WAV
4.2255,4.2356,22890.0,30801.0,Echolocation,0.625,../input_dir/20210910_030000__5%DUTYCYCLE_1440secOFFSET.WAV
4.3685,4.383,24609.0,37881.0,Echolocation,0.651,../input_dir/20210910_030000__5%DUTYCYCLE_1440secOFFSET.WAV
4.4705,4.4839,22031.0,30170.0,Echolocation,0.617,../input_dir/20210910_030000__5%DUTYCYCLE_1440secOFFSET.WAV
4.4925,4.5035,25468.0,34130.0,Echolocation,0.59,../input_dir/20210910_030000__5%DUTYCYCLE_1440secOFFSET.WAV
4.7735,4.786,25468.0,37209.0,Echolocation,0.645,../input_dir/20210910_030000__5%DUTYCYCLE_1440secOFFSET.WAV
4.9955,5.0098,24609.0,43392.0,Echolocation,0.741,../input_dir/20210910_030000__5%DUTYCYCLE_1440secOFFSET.WAV
5.1065,5.1217,23750.0,43416.0,Echolocation,0.637,../input_dir/20210910_030000__5%DUTYCYCLE_1440secOFFSET.WAV
5.2225,5.2364,24609.0,42399.0,Echolocation,0.593,../input_dir/20210910_030000__5%DUTYCYCLE_1440secOFFSET.WAV
5.3385,5.3478,26328.0,43563.0,Echolocation,0.652,../input_dir/20210910_030000__5%DUTYCYCLE_1440secOFFSET.WAV
5.3615,5.3735,22031.0,29699.0,Echolocation,0.613,../input_dir/20210910_030000__5%DUTYCYCLE_1440secOFFSET.WAV
5.4445,5.4523,27187.0,40925.0,Echolocation,0.637,../input_dir/20210910_030000__5%DUTYCYCLE_1440secOFFSET.WAV
5.4925,5.505,22890.0,30858.0,Echolocation,0.608,../input_dir/20210910_030000__5%DUTYCYCLE_1440secOFFSET.WAV
5.5035,5.5093,27187.0,43563.0,Echolocation,0.531,../input_dir/20210910_030000__5%DUTYCYCLE_1440secOFFSET.WAV
5.5545,5.5687,25468.0,32250.0,Echolocation,0.594,../input_dir/20210910_030000__5%DUTYCYCLE_1440secOFFSET.WAV
5.5945,5.603,22890.0,33236.0,Echolocation,0.522,../input_dir/20210910_030000__5%DUTYCYCLE_1440secOFFSET.WAV
5.7245,5.737,23750.0,32857.0,Echolocation,0.573,../input_dir/20210910_030000__5%DUTYCYCLE_1440secOFFSET.WAV
5.8645,5.8746,22890.0,30903.0,Echolocation,0.627,../input_dir/20210910_030000__5%DUTYCYCLE_1440secOFFSET.WAV
5.9685,5.9823,25468.0,41207.0,Echolocation,0.643,../input_dir/20210910_030000__5%DUTYCYCLE_1440secOFFSET.WAV
6.0085,6.0192,22890.0,29270.0,Echolocation,0.635,../input_dir/20210910_030000__5%DUTYCYCLE_1440secOFFSET.WAV
6.1095,6.1235,24609.0,35180.0,Echolocation,0.621,../input_dir/20210910_030000__5%DUTYCYCLE_1440secOFFSET.WAV
6.2055,6.225,25468.0,31809.0,Echolocation,0.578,../input_dir/20210910_030000__5%DUTYCYCLE_1440secOFFSET.WAV
6.3755,6.3868,22890.0,28460.0,Echolocation,0.506,../input_dir/20210910_030000__5%DUTYCYCLE_1440secOFFSET.WAV
6.4075,6.422,25468.0,41658.0,Echolocation,0.726,../input_dir/20210910_030000__5%DUTYCYCLE_1440secOFFSET.WAV
6.5855,6.5951,22890.0,30150.0,Echolocation,0.602,../input_dir/20210910_030000__5%DUTYCYCLE_1440secOFFSET.WAV
6.6645,6.6815,24609.0,35279.0,Echolocation,0.509,../input_dir/20210910_030000__5%DUTYCYCLE_1440secOFFSET.WAV
6.7905,6.8021,22031.0,32053.0,Echolocation,0.714,../input_dir/20210910_030000__5%DUTYCYCLE_1440secOFFSET.WAV
6.9255,6.9411,24609.0,39118.0,Echolocation,0.634,../input_dir/20210910_030000__5%DUTYCYCLE_1440secOFFSET.WAV
7.0815,7.0954,26328.0,40522.0,Echolocation,0.594,../input_dir/20210910_030000__5%DUTYCYCLE_1440secOFFSET.WAV
7.2195,7.2342,25468.0,40571.0,Echolocation,0.639,../input_dir/20210910_030000__5%DUTYCYCLE_1440secOFFSET.WAV
7.3675,7.3847,24609.0,35935.0,Echolocation,0.52,../input_dir/20210910_030000__5%DUTYCYCLE_1440secOFFSET.WAV
7.6285,7.6457,24609.0,37235.0,Echolocation,0.596,../input_dir/20210910_030000__5%DUTYCYCLE_1440secOFFSET.WAV
7.7795,7.7985,23750.0,38459.0,Echolocation,0.614,../input_dir/20210910_030000__5%DUTYCYCLE_1440secOFFSET.WAV
7.9495,7.9596,23750.0,32247.0,Echolocation,0.666,../input_dir/20210910_030000__5%DUTYCYCLE_1440secOFFSET.WAV
7.9815,7.9948,25468.0,33091.0,Echolocation,0.638,../input_dir/20210910_030000__5%DUTYCYCLE_1440secOFFSET.WAV
8.0525,8.0685,24609.0,36736.0,Echolocation,0.6,../input_dir/20210910_030000__5%DUTYCYCLE_1440secOFFSET.WAV
8.2175,8.2325,24609.0,35481.0,Echolocation,0.554,../input_dir/20210910_030000__5%DUTYCYCLE_1440secOFFSET.WAV
8.3675,8.3825,24609.0,34667.0,Echolocation,0.609,../input_dir/20210910_030000__5%DUTYCYCLE_1440secOFFSET.WAV
8.4325,8.4441,22031.0,28224.0,Echolocation,0.538,../input_dir/20210910_030000__5%DUTYCYCLE_1440secOFFSET.WAV
8.5275,8.5458,24609.0,37719.0,Echolocation,0.571,../input_dir/20210910_030000__5%DUTYCYCLE_1440secOFFSET.WAV
8.6865,8.6997,25468.0,31854.0,Echolocation,0.671,../input_dir/20210910_030000__5%DUTYCYCLE_1440secOFFSET.WAV
8.8525,8.8664,22031.0,31336.0,Echolocation,0.505,../input_dir/20210910_030000__5%DUTYCYCLE_1440secOFFSET.WAV
9.3785,9.3923,22031.0,30906.0,Echolocation,0.642,../input_dir/20210910_030000__5%DUTYCYCLE_1440secOFFSET.WAV
9.5235,9.537,23750.0,28644.0,Echolocation,0.543,../input_dir/20210910_030000__5%DUTYCYCLE_1440secOFFSET.WAV
9.6615,9.6721,23750.0,31270.0,Echolocation,0.544,../input_dir/20210910_030000__5%DUTYCYCLE_1440secOFFSET.WAV
9.7115,9.7283,24609.0,34366.0,Echolocation,0.551,../input_dir/20210910_030000__5%DUTYCYCLE_1440secOFFSET.WAV
9.8005,9.8111,22031.0,30481.0,Echolocation,0.508,../input_dir/20210910_030000__5%DUTYCYCLE_1440secOFFSET.WAV
9.8345,9.846,25468.0,33231.0,Echolocation,0.642,../input_dir/20210910_030000__5%DUTYCYCLE_1440secOFFSET.WAV
10.0215,10.0354,24609.0,33764.0,Echolocation,0.575,../input_dir/20210910_030000__5%DUTYCYCLE_1440secOFFSET.WAV
10.0755,10.0854,22031.0,30294.0,Echolocation,0.543,../input_dir/20210910_030000__5%DUTYCYCLE_1440secOFFSET.WAV
10.1345,10.1454,26328.0,31876.0,Echolocation,0.649,../input_dir/20210910_030000__5%DUTYCYCLE_1440secOFFSET.WAV
10.1715,10.1868,23750.0,33279.0,Echolocation,0.53,../input_dir/20210910_030000__5%DUTYCYCLE_1440secOFFSET.WAV
10.3025,10.3188,25468.0,30771.0,Echolocation,0.589,../input_dir/20210910_030000__5%DUTYCYCLE_1440secOFFSET.WAV
10.4725,10.4881,25468.0,30227.0,Echolocation,0.513,../input_dir/20210910_030000__5%DUTYCYCLE_1440secOFFSET.WAV
10.5885,10.6023,24609.0,30864.0,Echolocation,0.616,../input_dir/20210910_030000__5%DUTYCYCLE_1440secOFFSET.WAV
10.6535,10.6646,21171.0,27256.0,Echolocation,0.512,../input_dir/20210910_030000__5%DUTYCYCLE_1440secOFFSET.WAV
10.7085,10.7186,25468.0,32479.0,Echolocation,0.687,../input_dir/20210910_030000__5%DUTYCYCLE_1440secOFFSET.WAV
10.7305,10.7488,25468.0,29402.0,Echolocation,0.526,../input_dir/20210910_030000__5%DUTYCYCLE_1440secOFFSET.WAV
10.8585,10.8754,21171.0,29968.0,Echolocation,0.669,../input_dir/20210910_030000__5%DUTYCYCLE_1440secOFFSET.WAV
10.9635,10.9751,22031.0,32166.0,Echolocation,0.672,../input_dir/20210910_030000__5%DUTYCYCLE_1440secOFFSET.WAV
11.0155,11.0319,22890.0,30936.0,Echolocation,0.573,../input_dir/20210910_030000__5%DUTYCYCLE_1440secOFFSET.WAV
11.1405,11.154,24609.0,35418.0,Echolocation,0.647,../input_dir/20210910_030000__5%DUTYCYCLE_1440secOFFSET.WAV
11.2945,11.3064,24609.0,33111.0,Echolocation,0.518,../input_dir/20210910_030000__5%DUTYCYCLE_1440secOFFSET.WAV
11.4385,11.4513,24609.0,32712.0,Echolocation,0.644,../input_dir/20210910_030000__5%DUTYCYCLE_1440secOFFSET.WAV
11.5775,11.5899,23750.0,31613.0,Echolocation,0.608,../input_dir/20210910_030000__5%DUTYCYCLE_1440secOFFSET.WAV
11.7815,11.7953,25468.0,31459.0,Echolocation,0.609,../input_dir/20210910_030000__5%DUTYCYCLE_1440secOFFSET.WAV
11.8115,11.826,23750.0,31505.0,Echolocation,0.611,../input_dir/20210910_030000__5%DUTYCYCLE_1440secOFFSET.WAV
11.9555,11.9698,24609.0,31129.0,Echolocation,0.574,../input_dir/20210910_030000__5%DUTYCYCLE_1440secOFFSET.WAV
12.1445,12.1584,22031.0,31299.0,Echolocation,0.593,../input_dir/20210910_030000__5%DUTYCYCLE_1440secOFFSET.WAV
12.3935,12.4113,22031.0,30726.0,Echolocation,0.519,../input_dir/20210910_030000__5%DUTYCYCLE_1440secOFFSET.WAV
12.8015,12.8203,21171.0,29247.0,Echolocation,0.544,../input_dir/20210910_030000__5%DUTYCYCLE_1440secOFFSET.WAV
12.9045,12.9174,25468.0,34010.0,Echolocation,0.636,../input_dir/20210910_030000__5%DUTYCYCLE_1440secOFFSET.WAV
13.1585,13.172,23750.0,32009.0,Echolocation,0.643,../input_dir/20210910_030000__5%DUTYCYCLE_1440secOFFSET.WAV
13.2275,13.2473,21171.0,29038.0,Echolocation,0.594,../input_dir/20210910_030000__5%DUTYCYCLE_1440secOFFSET.WAV
13.3735,13.3872,22031.0,27600.0,Echolocation,0.588,../input_dir/20210910_030000__5%DUTYCYCLE_1440secOFFSET.WAV
13.4705,13.4859,23750.0,33911.0,Echolocation,0.614,../input_dir/20210910_030000__5%DUTYCYCLE_1440secOFFSET.WAV
13.6295,13.6497,22031.0,29599.0,Echolocation,0.559,../input_dir/20210910_030000__5%DUTYCYCLE_1440secOFFSET.WAV
13.7385,13.7543,23750.0,30967.0,Echolocation,0.587,../input_dir/20210910_030000__5%DUTYCYCLE_1440secOFFSET.WAV
13.9525,13.9695,22031.0,27624.0,Echolocation,0.511,../input_dir/20210910_030000__5%DUTYCYCLE_1440secOFFSET.WAV
14.0165,14.0313,23750.0,33520.0,Echolocation,0.614,../input_dir/20210910_030000__5%DUTYCYCLE_1440secOFFSET.WAV
14.1035,14.1197,22031.0,31009.0,Echolocation,0.625,../input_dir/20210910_030000__5%DUTYCYCLE_1440secOFFSET.WAV
14.1855,14.1984,23750.0,30787.0,Echolocation,0.624,../input_dir/20210910_030000__5%DUTYCYCLE_1440secOFFSET.WAV
14.3215,14.3351,23750.0,30445.0,Echolocation,0.638,../input_dir/20210910_030000__5%DUTYCYCLE_1440secOFFSET.WAV
14.3675,14.3811,22031.0,28968.0,Echolocation,0.553,../input_dir/20210910_030000__5%DUTYCYCLE_1440secOFFSET.WAV
14.5115,14.5301,22031.0,30284.0,Echolocation,0.624,../input_dir/20210910_030000__5%DUTYCYCLE_1440secOFFSET.WAV
14.6395,14.6538,22890.0,29848.0,Echolocation,0.643,../input_dir/20210910_030000__5%DUTYCYCLE_1440secOFFSET.WAV
14.7895,14.8024,22890.0,31354.0,Echolocation,0.681,../input_dir/20210910_030000__5%DUTYCYCLE_1440secOFFSET.WAV
14.9205,14.9345,22890.0,31071.0,Echolocation,0.622,../input_dir/20210910_030000__5%DUTYCYCLE_1440secOFFSET.WAV
14.9425,14.952,26328.0,34288.0,Echolocation,0.509,../input_dir/20210910_030000__5%DUTYCYCLE_1440secOFFSET.WAV
15.0415,15.0503,26328.0,36032.0,Echolocation,0.604,../input_dir/20210910_030000__5%DUTYCYCLE_1440secOFFSET.WAV
15.0635,15.0774,22890.0,28729.0,Echolocation,0.56,../input_dir/20210910_030000__5%DUTYCYCLE_1440secOFFSET.WAV
15.1395,15.1523,24609.0,36761.0,Echolocation,0.689,../input_dir/20210910_030000__5%DUTYCYCLE_1440secOFFSET.WAV
15.2035,15.2188,22031.0,30222.0,Echolocation,0.681,../input_dir/20210910_030000__5%DUTYCYCLE_1440secOFFSET.WAV
15.2325,15.2418,26328.0,36151.0,Echolocation,0.61,../input_dir/20210910_030000__5%DUTYCYCLE_1440secOFFSET.WAV
15.3405,15.3549,22890.0,33559.0,Echolocation,0.626,../input_dir/20210910_030000__5%DUTYCYCLE_1440secOFFSET.WAV
15.5405,15.5507,23750.0,34946.0,Echolocation,0.699,../input_dir/20210910_030000__5%DUTYCYCLE_1440secOFFSET.WAV
15.6405,15.6511,22890.0,32690.0,Echolocation,0.646,../input_dir/20210910_030000__5%DUTYCYCLE_1440secOFFSET.WAV
15.7245,15.7339,22890.0,33372.0,Echolocation,0.632,../input_dir/20210910_030000__5%DUTYCYCLE_1440secOFFSET.WAV
16.0205,16.0349,24609.0,33336.0,Echolocation,0.632,../input_dir/20210910_030000__5%DUTYCYCLE_1440secOFFSET.WAV
16.1775,16.1925,25468.0,35390.0,Echolocation,0.546,../input_dir/20210910_030000__5%DUTYCYCLE_1440secOFFSET.WAV
16.2855,16.302,24609.0,31380.0,Echolocation,0.563,../input_dir/20210910_030000__5%DUTYCYCLE_1440secOFFSET.WAV
16.4375,16.4522,25468.0,38142.0,Echolocation,0.608,../input_dir/20210910_030000__5%DUTYCYCLE_1440secOFFSET.WAV
16.5865,16.6042,22031.0,33155.0,Echolocation,0.643,../input_dir/20210910_030000__5%DUTYCYCLE_1440secOFFSET.WAV
16.6225,16.6364,25468.0,37129.0,Echolocation,0.63,../input_dir/20210910_030000__5%DUTYCYCLE_1440secOFFSET.WAV
16.7835,16.798,24609.0,33987.0,Echolocation,0.593,../input_dir/20210910_030000__5%DUTYCYCLE_1440secOFFSET.WAV
16.8565,16.8746,21171.0,31420.0,Echolocation,0.599,../input_dir/20210910_030000__5%DUTYCYCLE_1440secOFFSET.WAV
17.0565,17.0716,24609.0,34488.0,Echolocation,0.582,../input_dir/20210910_030000__5%DUTYCYCLE_1440secOFFSET.WAV
17.1785,17.1885,27187.0,36744.0,Echolocation,0.671,../input_dir/20210910_030000__5%DUTYCYCLE_1440secOFFSET.WAV
17.3285,17.3434,25468.0,34688.0,Echolocation,0.61,../input_dir/20210910_030000__5%DUTYCYCLE_1440secOFFSET.WAV
17.6085,17.6235,25468.0,36166.0,Echolocation,0.609,../input_dir/20210910_030000__5%DUTYCYCLE_1440secOFFSET.WAV
17.8185,17.8362,21171.0,29775.0,Echolocation,0.604,../input_dir/20210910_030000__5%DUTYCYCLE_1440secOFFSET.WAV
17.8825,17.8967,25468.0,35423.0,Echolocation,0.604,../input_dir/20210910_030000__5%DUTYCYCLE_1440secOFFSET.WAV
17.9745,17.989,23750.0,32755.0,Echolocation,0.505,../input_dir/20210910_030000__5%DUTYCYCLE_1440secOFFSET.WAV
18.0275,18.0402,26328.0,43060.0,Echolocation,0.748,../input_dir/20210910_030000__5%DUTYCYCLE_1440secOFFSET.WAV
18.1005,18.1131,24609.0,34101.0,Echolocation,0.562,../input_dir/20210910_030000__5%DUTYCYCLE_1440secOFFSET.WAV
18.2145,18.225,25468.0,34940.0,Echolocation,0.622,../input_dir/20210910_030000__5%DUTYCYCLE_1440secOFFSET.WAV
18.2945,18.3094,25468.0,39333.0,Echolocation,0.652,../input_dir/20210910_030000__5%DUTYCYCLE_1440secOFFSET.WAV
18.4865,18.5011,24609.0,37303.0,Echolocation,0.66,../input_dir/20210910_030000__5%DUTYCYCLE_1440secOFFSET.WAV
18.5625,18.578,24609.0,36848.0,Echolocation,0.627,../input_dir/20210910_030000__5%DUTYCYCLE_1440secOFFSET.WAV
18.7275,18.7375,26328.0,37492.0,Echolocation,0.66,../input_dir/20210910_030000__5%DUTYCYCLE_1440secOFFSET.WAV
18.7575,18.7696,22031.0,28705.0,Echolocation,0.602,../input_dir/20210910_030000__5%DUTYCYCLE_1440secOFFSET.WAV
18.8465,18.8625,24609.0,34364.0,Echolocation,0.597,../input_dir/20210910_030000__5%DUTYCYCLE_1440secOFFSET.WAV
18.8935,18.9052,24609.0,42164.0,Echolocation,0.555,../input_dir/20210910_030000__5%DUTYCYCLE_1440secOFFSET.WAV
19.0075,19.0186,25468.0,43211.0,Echolocation,0.707,../input_dir/20210910_030000__5%DUTYCYCLE_1440secOFFSET.WAV
19.1155,19.1251,27187.0,39071.0,Echolocation,0.562,../input_dir/20210910_030000__5%DUTYCYCLE_1440secOFFSET.WAV
19.1345,19.1488,25468.0,33993.0,Echolocation,0.552,../input_dir/20210910_030000__5%DUTYCYCLE_1440secOFFSET.WAV
19.2035,19.2127,28046.0,41317.0,Echolocation,0.618,../input_dir/20210910_030000__5%DUTYCYCLE_1440secOFFSET.WAV
19.2815,19.2889,27187.0,40639.0,Echolocation,0.574,../input_dir/20210910_030000__5%DUTYCYCLE_1440secOFFSET.WAV
19.3195,19.3352,24609.0,32711.0,Echolocation,0.581,../input_dir/20210910_030000__5%DUTYCYCLE_1440secOFFSET.WAV
19.3425,19.3484,28906.0,40377.0,Echolocation,0.573,../input_dir/20210910_030000__5%DUTYCYCLE_1440secOFFSET.WAV
19.3935,19.3994,27187.0,41431.0,Echolocation,0.625,../input_dir/20210910_030000__5%DUTYCYCLE_1440secOFFSET.WAV
19.4665,19.4807,24609.0,33059.0,Echolocation,0.503,../input_dir/20210910_030000__5%DUTYCYCLE_1440secOFFSET.WAV
19.7375,19.7499,22890.0,33778.0,Echolocation,0.652,../input_dir/20210910_030000__5%DUTYCYCLE_1440secOFFSET.WAV
19.8025,19.8157,24609.0,41104.0,Echolocation,0.701,../input_dir/20210910_030000__5%DUTYCYCLE_1440secOFFSET.WAV
19.9415,19.9552,24609.0,37073.0,Echolocation,0.646,../input_dir/20210910_030000__5%DUTYCYCLE_1440secOFFSET.WAV
20.0885,20.1037,23750.0,34763.0,Echolocation,0.64,../input_dir/20210910_030000__5%DUTYCYCLE_1440secOFFSET.WAV
20.2205,20.2347,26328.0,33116.0,Echolocation,0.514,../input_dir/20210910_030000__5%DUTYCYCLE_1440secOFFSET.WAV
20.3745,20.3884,24609.0,36551.0,Echolocation,0.677,../input_dir/20210910_030000__5%DUTYCYCLE_1440secOFFSET.WAV
20.4985,20.5135,25468.0,33045.0,Echolocation,0.547,../input_dir/20210910_030000__5%DUTYCYCLE_1440secOFFSET.WAV
20.7665,20.7824,24609.0,32222.0,Echolocation,0.576,../input_dir/20210910_030000__5%DUTYCYCLE_1440secOFFSET.WAV
20.9105,20.923,25468.0,33600.0,Echolocation,0.645,../input_dir/20210910_030000__5%DUTYCYCLE_1440secOFFSET.WAV
21.0505,21.0635,25468.0,35443.0,Echolocation,0.62,../input_dir/20210910_030000__5%DUTYCYCLE_1440secOFFSET.WAV
21.0975,21.1095,22031.0,27908.0,Echolocation,0.561,../input_dir/20210910_030000__5%DUTYCYCLE_1440secOFFSET.WAV
21.1925,21.2084,25468.0,39808.0,Echolocation,0.6,../input_dir/20210910_030000__5%DUTYCYCLE_1440secOFFSET.WAV
21.2645,21.2765,22031.0,28009.0,Echolocation,0.625,../input_dir/20210910_030000__5%DUTYCYCLE_1440secOFFSET.WAV
21.3525,21.3672,25468.0,39428.0,Echolocation,0.653,../input_dir/20210910_030000__5%DUTYCYCLE_1440secOFFSET.WAV
21.5065,21.5218,25468.0,37310.0,Echolocation,0.537,../input_dir/20210910_030000__5%DUTYCYCLE_1440secOFFSET.WAV
21.9215,21.9346,24609.0,36186.0,Echolocation,0.667,../input_dir/20210910_030000__5%DUTYCYCLE_1440secOFFSET.WAV
22.0565,22.0689,25468.0,37767.0,Echolocation,0.665,../input_dir/20210910_030000__5%DUTYCYCLE_1440secOFFSET.WAV
22.1675,22.1826,23750.0,36780.0,Echolocation,0.516,../input_dir/20210910_030000__5%DUTYCYCLE_1440secOFFSET.WAV
22.2205,22.238,24609.0,35073.0,Echolocation,0.55,../input_dir/20210910_030000__5%DUTYCYCLE_1440secOFFSET.WAV
22.2655,22.275,28906.0,40456.0,Echolocation,0.607,../input_dir/20210910_030000__5%DUTYCYCLE_1440secOFFSET.WAV
22.3225,22.3358,22890.0,28475.0,Echolocation,0.513,../input_dir/20210910_030000__5%DUTYCYCLE_1440secOFFSET.WAV
22.3435,22.3503,28046.0,37829.0,Echolocation,0.523,../input_dir/20210910_030000__5%DUTYCYCLE_1440secOFFSET.WAV
22.3875,22.4011,26328.0,36572.0,Echolocation,0.615,../input_dir/20210910_030000__5%DUTYCYCLE_1440secOFFSET.WAV
22.6495,22.6632,24609.0,30213.0,Echolocation,0.536,../input_dir/20210910_030000__5%DUTYCYCLE_1440secOFFSET.WAV
22.7815,22.7958,24609.0,39253.0,Echolocation,0.712,../input_dir/20210910_030000__5%DUTYCYCLE_1440secOFFSET.WAV
22.8245,22.8394,24609.0,37822.0,Echolocation,0.623,../input_dir/20210910_030000__5%DUTYCYCLE_1440secOFFSET.WAV
22.9355,22.9509,24609.0,38327.0,Echolocation,0.666,../input_dir/20210910_030000__5%DUTYCYCLE_1440secOFFSET.WAV
23.1255,23.1415,23750.0,34983.0,Echolocation,0.603,../input_dir/20210910_030000__5%DUTYCYCLE_1440secOFFSET.WAV
23.1945,23.2076,25468.0,34260.0,Echolocation,0.551,../input_dir/20210910_030000__5%DUTYCYCLE_1440secOFFSET.WAV
23.3485,23.3617,24609.0,37835.0,Echolocation,0.667,../input_dir/20210910_030000__5%DUTYCYCLE_1440secOFFSET.WAV
23.4005,23.4135,23750.0,32242.0,Echolocation,0.545,../input_dir/20210910_030000__5%DUTYCYCLE_1440secOFFSET.WAV
23.5605,23.5752,23750.0,31072.0,Echolocation,0.549,../input_dir/20210910_030000__5%DUTYCYCLE_1440secOFFSET.WAV
23.7515,23.7615,27187.0,37754.0,Echolocation,0.66,../input_dir/20210910_030000__5%DUTYCYCLE_1440secOFFSET.WAV
24.0385,24.0521,25468.0,35125.0,Echolocation,0.61,../input_dir/20210910_030000__5%DUTYCYCLE_1440secOFFSET.WAV
24.3765,24.3927,22890.0,30168.0,Echolocation,0.519,../input_dir/20210910_030000__5%DUTYCYCLE_1440secOFFSET.WAV
24.4785,24.4933,24609.0,34265.0,Echolocation,0.598,../input_dir/20210910_030000__5%DUTYCYCLE_1440secOFFSET.WAV
24.6485,24.6628,23750.0,30935.0,Echolocation,0.518,../input_dir/20210910_030000__5%DUTYCYCLE_1440secOFFSET.WAV
24.7405,24.7541,24609.0,33252.0,Echolocation,0.666,../input_dir/20210910_030000__5%DUTYCYCLE_1440secOFFSET.WAV
24.8965,24.9113,24609.0,33478.0,Echolocation,0.575,../input_dir/20210910_030000__5%DUTYCYCLE_1440secOFFSET.WAV
25.1545,25.1672,24609.0,31877.0,Echolocation,0.642,../input_dir/20210910_030000__5%DUTYCYCLE_1440secOFFSET.WAV
25.2005,25.2163,23750.0,32199.0,Echolocation,0.538,../input_dir/20210910_030000__5%DUTYCYCLE_1440secOFFSET.WAV
25.4915,25.5109,22890.0,30469.0,Echolocation,0.527,../input_dir/20210910_030000__5%DUTYCYCLE_1440secOFFSET.WAV
25.6305,25.646,23750.0,29380.0,Echolocation,0.544,../input_dir/20210910_030000__5%DUTYCYCLE_1440secOFFSET.WAV
25.7555,25.7697,23750.0,31645.0,Echolocation,0.66,../input_dir/20210910_030000__5%DUTYCYCLE_1440secOFFSET.WAV
25.8875,25.9004,24609.0,32438.0,Echolocation,0.627,../input_dir/20210910_030000__5%DUTYCYCLE_1440secOFFSET.WAV
25.9345,25.9468,24609.0,30647.0,Echolocation,0.565,../input_dir/20210910_030000__5%DUTYCYCLE_1440secOFFSET.WAV
26.0515,26.0641,22890.0,31748.0,Echolocation,0.596,../input_dir/20210910_030000__5%DUTYCYCLE_1440secOFFSET.WAV
26.2225,26.2377,23750.0,32417.0,Echolocation,0.647,../input_dir/20210910_030000__5%DUTYCYCLE_1440secOFFSET.WAV
26.3915,26.4077,23750.0,32862.0,Echolocation,0.558,../input_dir/20210910_030000__5%DUTYCYCLE_1440secOFFSET.WAV
26.8085,26.8223,23750.0,30470.0,Echolocation,0.524,../input_dir/20210910_030000__5%DUTYCYCLE_1440secOFFSET.WAV
26.9505,26.9612,23750.0,30015.0,Echolocation,0.524,../input_dir/20210910_030000__5%DUTYCYCLE_1440secOFFSET.WAV
27.0855,27.1013,22890.0,33102.0,Echolocation,0.6,../input_dir/20210910_030000__5%DUTYCYCLE_1440secOFFSET.WAV
27.3795,27.3942,23750.0,30228.0,Echolocation,0.551,../input_dir/20210910_030000__5%DUTYCYCLE_1440secOFFSET.WAV
27.5425,27.5564,23750.0,31084.0,Echolocation,0.547,../input_dir/20210910_030000__5%DUTYCYCLE_1440secOFFSET.WAV
27.7095,27.7211,24609.0,32445.0,Echolocation,0.528,../input_dir/20210910_030000__5%DUTYCYCLE_1440secOFFSET.WAV
28.0165,28.0296,24609.0,30966.0,Echolocation,0.513,../input_dir/20210910_030000__5%DUTYCYCLE_1440secOFFSET.WAV
28.5905,28.6044,23750.0,31422.0,Echolocation,0.555,../input_dir/20210910_030000__5%DUTYCYCLE_1440secOFFSET.WAV
28.8555,28.8671,23750.0,28977.0,Echolocation,0.587,../input_dir/20210910_030000__5%DUTYCYCLE_1440secOFFSET.WAV
29.0025,29.0164,24609.0,31186.0,Echolocation,0.536,../input_dir/20210910_030000__5%DUTYCYCLE_1440secOFFSET.WAV
29.1675,29.1815,23750.0,30421.0,Echolocation,0.55,../input_dir/20210910_030000__5%DUTYCYCLE_1440secOFFSET.WAV
0.4896768000000001,0.758784,14491.76,47727.27999999999,Feeding Buzz,0.3380713849874115,../input_dir/20210910_030000__5%DUTYCYCLE_1440secOFFSET.WAV
0.5533695999999999,0.8380416,14328.0,44812.25999999999,Feeding Buzz,0.2883016292210825,../input_dir/20210910_030000__5%DUTYCYCLE_1440secOFFSET.WAV
3.3583103999999997,3.5024896,16007.88,49604.738,Feeding Buzz,0.2825566505823233,../input_dir/20210910_030000__5%DUTYCYCLE_1440secOFFSET.WAV
6.2316544,6.371328,15679.140000000001,53240.0,Feeding Buzz,0.28996172316606433,../input_dir/20210910_030000__5%DUTYCYCLE_1440secOFFSET.WAV
15.772672,16.022528,14328.0,46442.7,Feeding Buzz,0.27897072928531635,../input_dir/20210910_030000__5%DUTYCYCLE_1440secOFFSET.WAV
30.2185,30.2298,27187.0,32609.0,Echolocation,0.604,../input_dir/20210910_030000__5%DUTYCYCLE_1440secOFFSET.WAV
30.6145,30.6283,24609.0,29747.0,Echolocation,0.595,../input_dir/20210910_030000__5%DUTYCYCLE_1440secOFFSET.WAV
30.9185,30.9331,24609.0,35311.0,Echolocation,0.628,../input_dir/20210910_030000__5%DUTYCYCLE_1440secOFFSET.WAV
31.0735,31.0891,24609.0,32199.0,Echolocation,0.528,../input_dir/20210910_030000__5%DUTYCYCLE_1440secOFFSET.WAV
31.3445,31.3569,25468.0,33364.0,Echolocation,0.645,../input_dir/20210910_030000__5%DUTYCYCLE_1440secOFFSET.WAV
31.7485,31.7651,25468.0,33051.0,Echolocation,0.565,../input_dir/20210910_030000__5%DUTYCYCLE_1440secOFFSET.WAV
32.1395,32.1553,25468.0,33282.0,Echolocation,0.53,../input_dir/20210910_030000__5%DUTYCYCLE_1440secOFFSET.WAV
32.5345,32.5466,24609.0,33338.0,Echolocation,0.549,../input_dir/20210910_030000__5%DUTYCYCLE_1440secOFFSET.WAV
32.6505,32.6664,25468.0,34397.0,Echolocation,0.6,../input_dir/20210910_030000__5%DUTYCYCLE_1440secOFFSET.WAV
33.0515,33.0673,24609.0,33955.0,Echolocation,0.598,../input_dir/20210910_030000__5%DUTYCYCLE_1440secOFFSET.WAV
33.1965,33.2109,25468.0,33700.0,Echolocation,0.565,../input_dir/20210910_030000__5%DUTYCYCLE_1440secOFFSET.WAV
33.3965,33.412,23750.0,29234.0,Echolocation,0.595,../input_dir/20210910_030000__5%DUTYCYCLE_1440secOFFSET.WAV
33.4575,33.4733,24609.0,35184.0,Echolocation,0.593,../input_dir/20210910_030000__5%DUTYCYCLE_1440secOFFSET.WAV
33.7235,33.7385,25468.0,32083.0,Echolocation,0.626,../input_dir/20210910_030000__5%DUTYCYCLE_1440secOFFSET.WAV
33.8605,33.8763,25468.0,34262.0,Echolocation,0.554,../input_dir/20210910_030000__5%DUTYCYCLE_1440secOFFSET.WAV
34.0095,34.0262,24609.0,32062.0,Echolocation,0.54,../input_dir/20210910_030000__5%DUTYCYCLE_1440secOFFSET.WAV
34.4225,34.4394,24609.0,33912.0,Echolocation,0.592,../input_dir/20210910_030000__5%DUTYCYCLE_1440secOFFSET.WAV
34.6875,34.7043,24609.0,31738.0,Echolocation,0.536,../input_dir/20210910_030000__5%DUTYCYCLE_1440secOFFSET.WAV
35.1045,35.1219,24609.0,31628.0,Echolocation,0.505,../input_dir/20210910_030000__5%DUTYCYCLE_1440secOFFSET.WAV
35.6605,35.6785,24609.0,30269.0,Echolocation,0.523,../input_dir/20210910_030000__5%DUTYCYCLE_1440secOFFSET.WAV
36.0045,36.0205,24609.0,29793.0,Echolocation,0.52,../input_dir/20210910_030000__5%DUTYCYCLE_1440secOFFSET.WAV
36.2785,36.2918,25468.0,32077.0,Echolocation,0.682,../input_dir/20210910_030000__5%DUTYCYCLE_1440secOFFSET.WAV
36.4235,36.4384,24609.0,31957.0,Echolocation,0.535,../input_dir/20210910_030000__5%DUTYCYCLE_1440secOFFSET.WAV
36.6915,36.7061,24609.0,31456.0,Echolocation,0.624,../input_dir/20210910_030000__5%DUTYCYCLE_1440secOFFSET.WAV
36.8595,36.8739,24609.0,30815.0,Echolocation,0.623,../input_dir/20210910_030000__5%DUTYCYCLE_1440secOFFSET.WAV
37.0215,37.0376,24609.0,29226.0,Echolocation,0.577,../input_dir/20210910_030000__5%DUTYCYCLE_1440secOFFSET.WAV
37.283500000000004,37.2993,24609.0,31917.0,Echolocation,0.606,../input_dir/20210910_030000__5%DUTYCYCLE_1440secOFFSET.WAV
37.5595,37.5761,23750.0,27653.0,Echolocation,0.558,../input_dir/20210910_030000__5%DUTYCYCLE_1440secOFFSET.WAV
37.8175,37.8317,24609.0,30795.0,Echolocation,0.671,../input_dir/20210910_030000__5%DUTYCYCLE_1440secOFFSET.WAV
37.8395,37.8578,23750.0,30254.0,Echolocation,0.534,../input_dir/20210910_030000__5%DUTYCYCLE_1440secOFFSET.WAV
38.0155,38.0312,23750.0,30471.0,Echolocation,0.598,../input_dir/20210910_030000__5%DUTYCYCLE_1440secOFFSET.WAV
38.8485,38.8622,23750.0,29206.0,Echolocation,0.616,../input_dir/20210910_030000__5%DUTYCYCLE_1440secOFFSET.WAV
39.1215,39.1417,23750.0,29181.0,Echolocation,0.502,../input_dir/20210910_030000__5%DUTYCYCLE_1440secOFFSET.WAV
39.6715,39.6884,23750.0,28997.0,Echolocation,0.565,../input_dir/20210910_030000__5%DUTYCYCLE_1440secOFFSET.WAV
39.7935,39.8058,26328.0,30802.0,Echolocation,0.536,../input_dir/20210910_030000__5%DUTYCYCLE_1440secOFFSET.WAV
39.8405,39.8561,24609.0,27978.0,Echolocation,0.587,../input_dir/20210910_030000__5%DUTYCYCLE_1440secOFFSET.WAV
40.3925,40.4089,23750.0,27986.0,Echolocation,0.634,../input_dir/20210910_030000__5%DUTYCYCLE_1440secOFFSET.WAV
40.6815,40.6975,24609.0,29682.0,Echolocation,0.595,../input_dir/20210910_030000__5%DUTYCYCLE_1440secOFFSET.WAV
40.8315,40.8464,23750.0,29292.0,Echolocation,0.621,../input_dir/20210910_030000__5%DUTYCYCLE_1440secOFFSET.WAV
42.6395,42.6548,24609.0,31033.0,Echolocation,0.602,../input_dir/20210910_030000__5%DUTYCYCLE_1440secOFFSET.WAV
42.911500000000004,42.9293,25468.0,28593.0,Echolocation,0.519,../input_dir/20210910_030000__5%DUTYCYCLE_1440secOFFSET.WAV
43.0285,43.0407,25468.0,30731.0,Echolocation,0.529,../input_dir/20210910_030000__5%DUTYCYCLE_1440secOFFSET.WAV
43.2905,43.303,25468.0,32036.0,Echolocation,0.598,../input_dir/20210910_030000__5%DUTYCYCLE_1440secOFFSET.WAV
43.7205,43.7355,24609.0,28734.0,Echolocation,0.615,../input_dir/20210910_030000__5%DUTYCYCLE_1440secOFFSET.WAV
44.417500000000004,44.4328,24609.0,29034.0,Echolocation,0.634,../input_dir/20210910_030000__5%DUTYCYCLE_1440secOFFSET.WAV
44.554500000000004,44.566,25468.0,31317.0,Echolocation,0.657,../input_dir/20210910_030000__5%DUTYCYCLE_1440secOFFSET.WAV
45.176500000000004,45.1931,25468.0,30082.0,Echolocation,0.508,../input_dir/20210910_030000__5%DUTYCYCLE_1440secOFFSET.WAV
45.4305,45.444,24609.0,29042.0,Echolocation,0.657,../input_dir/20210910_030000__5%DUTYCYCLE_1440secOFFSET.WAV
46.1515,46.167500000000004,23750.0,28125.0,Echolocation,0.59,../input_dir/20210910_030000__5%DUTYCYCLE_1440secOFFSET.WAV
47.0625,47.0811,23750.0,28286.0,Echolocation,0.504,../input_dir/20210910_030000__5%DUTYCYCLE_1440secOFFSET.WAV
47.4775,47.4898,24609.0,28864.0,Echolocation,0.534,../input_dir/20210910_030000__5%DUTYCYCLE_1440secOFFSET.WAV
48.6045,48.6216,24609.0,28360.0,Echolocation,0.52,../input_dir/20210910_030000__5%DUTYCYCLE_1440secOFFSET.WAV
49.070499999999996,49.0848,24609.0,30034.0,Echolocation,0.527,../input_dir/20210910_030000__5%DUTYCYCLE_1440secOFFSET.WAV
49.3835,49.4007,24609.0,30751.0,Echolocation,0.506,../input_dir/20210910_030000__5%DUTYCYCLE_1440secOFFSET.WAV
49.9555,49.974199999999996,23750.0,30953.0,Echolocation,0.533,../input_dir/20210910_030000__5%DUTYCYCLE_1440secOFFSET.WAV
51.1625,51.1777,23750.0,29736.0,Echolocation,0.525,../input_dir/20210910_030000__5%DUTYCYCLE_1440secOFFSET.WAV
52.0785,52.0948,23750.0,29276.0,Echolocation,0.512,../input_dir/20210910_030000__5%DUTYCYCLE_1440secOFFSET.WAV
53.3855,53.3989,24609.0,29661.0,Echolocation,0.515,../input_dir/20210910_030000__5%DUTYCYCLE_1440secOFFSET.WAV
54.0785,54.0941,24609.0,29106.0,Echolocation,0.51,../input_dir/20210910_030000__5%DUTYCYCLE_1440secOFFSET.WAV
54.1095,54.1219,23750.0,30644.0,Echolocation,0.572,../input_dir/20210910_030000__5%DUTYCYCLE_1440secOFFSET.WAV
54.186499999999995,54.199200000000005,25468.0,30682.0,Echolocation,0.611,../input_dir/20210910_030000__5%DUTYCYCLE_1440secOFFSET.WAV
54.3775,54.393,23750.0,28489.0,Echolocation,0.591,../input_dir/20210910_030000__5%DUTYCYCLE_1440secOFFSET.WAV
54.4285,54.440799999999996,25468.0,32960.0,Echolocation,0.615,../input_dir/20210910_030000__5%DUTYCYCLE_1440secOFFSET.WAV
54.7735,54.789100000000005,23750.0,29417.0,Echolocation,0.578,../input_dir/20210910_030000__5%DUTYCYCLE_1440secOFFSET.WAV
54.8525,54.8662,24609.0,28174.0,Echolocation,0.714,../input_dir/20210910_030000__5%DUTYCYCLE_1440secOFFSET.WAV
54.9125,54.927499999999995,23750.0,30051.0,Echolocation,0.564,../input_dir/20210910_030000__5%DUTYCYCLE_1440secOFFSET.WAV
54.9705,54.9811,26328.0,32410.0,Echolocation,0.611,../input_dir/20210910_030000__5%DUTYCYCLE_1440secOFFSET.WAV
55.2685,55.2813,23750.0,29147.0,Echolocation,0.697,../input_dir/20210910_030000__5%DUTYCYCLE_1440secOFFSET.WAV
55.4135,55.4296,24609.0,27415.0,Echolocation,0.608,../input_dir/20210910_030000__5%DUTYCYCLE_1440secOFFSET.WAV
55.5715,55.5845,22890.0,26886.0,Echolocation,0.567,../input_dir/20210910_030000__5%DUTYCYCLE_1440secOFFSET.WAV
55.7155,55.7301,24609.0,29736.0,Echolocation,0.601,../input_dir/20210910_030000__5%DUTYCYCLE_1440secOFFSET.WAV
55.9675,55.986599999999996,22031.0,31414.0,Echolocation,0.551,../input_dir/20210910_030000__5%DUTYCYCLE_1440secOFFSET.WAV
57.1465,57.1589,23750.0,28891.0,Echolocation,0.644,../input_dir/20210910_030000__5%DUTYCYCLE_1440secOFFSET.WAV
57.3695,57.384,23750.0,30494.0,Echolocation,0.517,../input_dir/20210910_030000__5%DUTYCYCLE_1440secOFFSET.WAV
57.4375,57.4507,23750.0,28852.0,Echolocation,0.624,../input_dir/20210910_030000__5%DUTYCYCLE_1440secOFFSET.WAV
57.5715,57.5845,23750.0,28358.0,Echolocation,0.657,../input_dir/20210910_030000__5%DUTYCYCLE_1440secOFFSET.WAV
57.716499999999996,57.7303,23750.0,27861.0,Echolocation,0.61,../input_dir/20210910_030000__5%DUTYCYCLE_1440secOFFSET.WAV
57.9915,58.0031,24609.0,30242.0,Echolocation,0.624,../input_dir/20210910_030000__5%DUTYCYCLE_1440secOFFSET.WAV
58.1485,58.162800000000004,23750.0,27937.0,Echolocation,0.663,../input_dir/20210910_030000__5%DUTYCYCLE_1440secOFFSET.WAV
58.1905,58.2076,24609.0,27878.0,Echolocation,0.553,../input_dir/20210910_030000__5%DUTYCYCLE_1440secOFFSET.WAV
58.298500000000004,58.3119,23750.0,28609.0,Echolocation,0.673,../input_dir/20210910_030000__5%DUTYCYCLE_1440secOFFSET.WAV
58.7365,58.7499,24609.0,28873.0,Echolocation,0.588,../input_dir/20210910_030000__5%DUTYCYCLE_1440secOFFSET.WAV
59.2145,59.2291,23750.0,28587.0,Echolocation,0.648,../input_dir/20210910_030000__5%DUTYCYCLE_1440secOFFSET.WAV
59.5175,59.532399999999996,23750.0,28491.0,Echolocation,0.59,../input_dir/20210910_030000__5%DUTYCYCLE_1440secOFFSET.WAV
59.6635,59.676,24609.0,28587.0,Echolocation,0.64,../input_dir/20210910_030000__5%DUTYCYCLE_1440secOFFSET.WAV
60.2235,60.2405,23750.0,28673.0,Echolocation,0.528,../input_dir/20210910_030000__5%DUTYCYCLE_1440secOFFSET.WAV
60.3705,60.3837,24609.0,28177.0,Echolocation,0.571,../input_dir/20210910_030000__5%DUTYCYCLE_1440secOFFSET.WAV
61.0755,61.089,24609.0,29285.0,Echolocation,0.576,../input_dir/20210910_030000__5%DUTYCYCLE_1440secOFFSET.WAV
61.3455,61.3638,22890.0,28386.0,Echolocation,0.504,../input_dir/20210910_030000__5%DUTYCYCLE_1440secOFFSET.WAV
61.6255,61.6417,23750.0,27212.0,Echolocation,0.524,../input_dir/20210910_030000__5%DUTYCYCLE_1440secOFFSET.WAV
61.7085,61.7237,22031.0,27615.0,Echolocation,0.51,../input_dir/20210910_030000__5%DUTYCYCLE_1440secOFFSET.WAV
64.1785,64.1944,23750.0,28858.0,Echolocation,0.586,../input_dir/20210910_030000__5%DUTYCYCLE_1440secOFFSET.WAV
65.6945,65.7129,22890.0,27257.0,Echolocation,0.548,../input_dir/20210910_030000__5%DUTYCYCLE_1440secOFFSET.WAV
65.9185,65.9333,23750.0,28739.0,Echolocation,0.509,../input_dir/20210910_030000__5%DUTYCYCLE_1440secOFFSET.WAV
65.9815,65.9991,22031.0,27540.0,Echolocation,0.514,../input_dir/20210910_030000__5%DUTYCYCLE_1440secOFFSET.WAV
66.26050000000001,66.2776,22890.0,28069.0,Echolocation,0.547,../input_dir/20210910_030000__5%DUTYCYCLE_1440secOFFSET.WAV
66.5455,66.5601,22890.0,28508.0,Echolocation,0.598,../input_dir/20210910_030000__5%DUTYCYCLE_1440secOFFSET.WAV
67.1315,67.1461,22890.0,27665.0,Echolocation,0.627,../input_dir/20210910_030000__5%DUTYCYCLE_1440secOFFSET.WAV
67.2795,67.2922,23750.0,29315.0,Echolocation,0.615,../input_dir/20210910_030000__5%DUTYCYCLE_1440secOFFSET.WAV
68.12950000000001,68.1459,22890.0,27451.0,Echolocation,0.542,../input_dir/20210910_030000__5%DUTYCYCLE_1440secOFFSET.WAV
68.4505,68.4659,22890.0,28693.0,Echolocation,0.615,../input_dir/20210910_030000__5%DUTYCYCLE_1440secOFFSET.WAV
68.6165,68.6323,22031.0,27925.0,Echolocation,0.53,../input_dir/20210910_030000__5%DUTYCYCLE_1440secOFFSET.WAV
68.9415,68.9538,24609.0,28826.0,Echolocation,0.634,../input_dir/20210910_030000__5%DUTYCYCLE_1440secOFFSET.WAV
69.0845,69.0971,24609.0,30001.0,Echolocation,0.633,../input_dir/20210910_030000__5%DUTYCYCLE_1440secOFFSET.WAV
71.86449999999999,71.8814,23750.0,28528.0,Echolocation,0.563,../input_dir/20210910_030000__5%DUTYCYCLE_1440secOFFSET.WAV
72.1715,72.1859,22890.0,27311.0,Echolocation,0.505,../input_dir/20210910_030000__5%DUTYCYCLE_1440secOFFSET.WAV
74.3925,74.4071,24609.0,28284.0,Echolocation,0.58,../input_dir/20210910_030000__5%DUTYCYCLE_1440secOFFSET.WAV
75.6515,75.6666,24609.0,31228.0,Echolocation,0.522,../input_dir/20210910_030000__5%DUTYCYCLE_1440secOFFSET.WAV
76.9175,76.93260000000001,24609.0,30471.0,Echolocation,0.501,../input_dir/20210910_030000__5%DUTYCYCLE_1440secOFFSET.WAV
77.3495,77.3644,24609.0,29744.0,Echolocation,0.588,../input_dir/20210910_030000__5%DUTYCYCLE_1440secOFFSET.WAV
78.5915,78.60810000000001,23750.0,27119.0,Echolocation,0.585,../input_dir/20210910_030000__5%DUTYCYCLE_1440secOFFSET.WAV
82.3195,82.3258,40078.0,48324.0,Echolocation,0.533,../input_dir/20210910_030000__5%DUTYCYCLE_1440secOFFSET.WAV
82.34649999999999,82.3666,23750.0,27431.0,Echolocation,0.552,../input_dir/20210910_030000__5%DUTYCYCLE_1440secOFFSET.WAV
82.8755,82.88329999999999,39218.0,48627.0,Echolocation,0.617,../input_dir/20210910_030000__5%DUTYCYCLE_1440secOFFSET.WAV
83.0145,83.0204,40078.0,48875.0,Echolocation,0.555,../input_dir/20210910_030000__5%DUTYCYCLE_1440secOFFSET.WAV
83.1015,83.10849999999999,40078.0,48028.0,Echolocation,0.501,../input_dir/20210910_030000__5%DUTYCYCLE_1440secOFFSET.WAV
83.2795,83.28569999999999,39218.0,48723.0,Echolocation,0.557,../input_dir/20210910_030000__5%DUTYCYCLE_1440secOFFSET.WAV
83.5585,83.5672,39218.0,46982.0,Echolocation,0.518,../input_dir/20210910_030000__5%DUTYCYCLE_1440secOFFSET.WAV
83.7465,83.75540000000001,39218.0,47094.0,Echolocation,0.549,../input_dir/20210910_030000__5%DUTYCYCLE_1440secOFFSET.WAV
83.9615,83.969,38359.0,47833.0,Echolocation,0.578,../input_dir/20210910_030000__5%DUTYCYCLE_1440secOFFSET.WAV
84.3505,84.3606,38359.0,45226.0,Echolocation,0.509,../input_dir/20210910_030000__5%DUTYCYCLE_1440secOFFSET.WAV
84.7885,84.7991,26328.0,33530.0,Echolocation,0.667,../input_dir/20210910_030000__5%DUTYCYCLE_1440secOFFSET.WAV
85.2045,85.2217,24609.0,29087.0,Echolocation,0.522,../input_dir/20210910_030000__5%DUTYCYCLE_1440secOFFSET.WAV
86.2345,86.2548,23750.0,28220.0,Echolocation,0.512,../input_dir/20210910_030000__5%DUTYCYCLE_1440secOFFSET.WAV
87.8935,87.9109,24609.0,28858.0,Echolocation,0.549,../input_dir/20210910_030000__5%DUTYCYCLE_1440secOFFSET.WAV
88.4375,88.4528,24609.0,30356.0,Echolocation,0.587,../input_dir/20210910_030000__5%DUTYCYCLE_1440secOFFSET.WAV
88.8825,88.8989,23750.0,28396.0,Echolocation,0.586,../input_dir/20210910_030000__5%DUTYCYCLE_1440secOFFSET.WAV
89.0415,89.059,23750.0,28435.0,Echolocation,0.523,../input_dir/20210910_030000__5%DUTYCYCLE_1440secOFFSET.WAV
89.4885,89.506,24609.0,28371.0,Echolocation,0.569,../input_dir/20210910_030000__5%DUTYCYCLE_1440secOFFSET.WAV
